"Longitude (x)","Latitude (y)","Station Name","Climate ID","Date/Time","Year","Month","Day","Data Quality","Max Temp (°C)","Max Temp Flag","Min Temp (°C)","Min Temp Flag","Mean Temp (°C)","Mean Temp Flag","Heat Deg Days (°C)","Heat Deg Days Flag","Cool Deg Days (°C)","Cool Deg Days Flag","Total Rain (mm)","Total Rain Flag","Total Snow (cm)","Total Snow Flag","Total Precip (mm)","Total Precip Flag","Snow on Grnd (cm)","Snow on Grnd Flag","Dir of Max Gust (10s deg)","Dir of Max Gust Flag","Spd of Max Gust (km/h)","Spd of Max Gust Flag"
"-79.94","43.17","HAMILTON A","6153193","2023-01-01","2023","01","01","","3.9","","1.9","","2.9","","15.1","","0.0","","0.6","","0.0","T","0.6","","","","","M","","M"
"-79.94","43.17","HAMILTON A","6153193","2023-01-02","2023","01","02","","4.8","","-1.2","","1.8","","16.2","","0.0","","0.0","","0.0","","0.0","","","","","M","","M"
"-79.94","43.17","HAMILTON A","6153193","2023-01-03","2023","01","03","","3.1","","0.2","","1.7","","16.3","","0.0","","4.8","","0.0","","4.8","","","","5","","51",""
"-79.94","43.17","HAMILTON A","6153193","2023-01-04","2023","01","04","","3.0","","2.1","","2.6","","15.4","","0.0","","16.6","","0.0","","16.6","","","","5","","60",""
"-79.94","43.17","HAMILTON A","6153193","2023-01-05","2023","01","05","","3.6","","1.0","","2.3","","15.7","","0.0","","0.4","","0.0","","0.4","","","","22","","36",""
"-79.94","43.17","HAMILTON A","6153193","2023-01-06","2023","01","06","","2.1","","0.5","","1.3","","16.7","","0.0","","0.0","","0.0","T","0.0","T","","","25","","33",""
"-79.94","43.17","HAMILTON A","6153193","2023-01-07","2023","01","07","","2.4","","-5.6","","-1.6","","19.6","","0.0","","0.0","","0.0","T","0.0","T","","","","M","","M"
"-79.94","43.17","HAMILTON A","6153193","2023-01-08","2023","01","08","","-2.3","","-5.2","","-3.8","","21.8","","0.0","","0.0","","0.0","T","0.0","T","","","","M","","M"
"-79.94","43.17","HAMILTON A","6153193","2023-01-09","2023","01","09","","2.7","","-3.4","","-0.4","","18.4","","0.0","","0.0","","0.0","T","0.0","T","","","25","","51",""
"-79.94","43.17","HAMILTON A","6153193","2023-01-10","2023","01","10","","0.8","","-1.9","","-0.6","","18.6","","0.0","","0.0","","0.0","T","0.0","T","","","7","","32",""
"-79.94","43.17","HAMILTON A","6153193","2023-01-11","2023","01","11","","0.1","","-3.4","","-1.7","","19.7","","0.0","","0.0","T","0.0","","0.0","T","","","7","","37",""
"-79.94","43.17","HAMILTON A","6153193","2023-01-12","2023","01","12","","4.8","","0.0","","2.4","","15.6","","0.0","","3.0","","4.0","","7.0","","4","E","3","","45",""
"-79.94","43.17","HAMILTON A","6153193","2023-01-13","2023","01","13","","0.3","","-7.6","","-3.7","","21.7","","0.0","","0.0","","4.2","","4.2","","6","","36","","51",""
"-79.94","43.17","HAMILTON A","6153193","2023-01-14","2023","01","14","","","M","","M","","M","","M","","M","0.0","","0.0","T","0.0","T","8","","","M","","M"
"-79.94","43.17","HAMILTON A","6153193","2023-01-15","2023","01","15","","-3.0","","-15.7","","-9.4","","27.4","","0.0","","0.0","","0.0","","0.0","","6","","","M","","M"
"-79.94","43.17","HAMILTON A","6153193","2023-01-16","2023","01","16","","0.2","","-8.2","","-4.0","","22.0","","0.0","","0.0","T","0.0","","0.0","T","","","","M","","M"
"-79.94","43.17","HAMILTON A","6153193","2023-01-17","2023","01","17","","","M","","M","","M","","M","","M","4.4","","0.0","","4.4","","5","","24","","34",""
"-79.94","43.17","HAMILTON A","6153193","2023-01-18","2023","01","18","","3.7","","0.6","","2.2","","15.8","","0.0","","0.0","","0.0","","0.0","","0","T","26","","42",""
"-79.94","43.17","HAMILTON A","6153193","2023-01-19","2023","01","19","","2.1","","0.6","","1.4","","16.6","","0.0","","5.7","","0.0","T","5.7","","0","T","6","","48",""
"-79.94","43.17","HAMILTON A","6153193","2023-01-20","2023","01","20","","3.3","","-1.2","","1.1","","16.9","","0.0","","3.2","","0.0","T","3.2","","","","28","","46",""
"-79.94","43.17","HAMILTON A","6153193","2023-01-21","2023","01","21","","-0.2","","-1.6","","-0.9","","18.9","","0.0","","0.0","","0.0","","0.0","","","","23","","33",""
"-79.94","43.17","HAMILTON A","6153193","2023-01-22","2023","01","22","","0.0","","-1.7","","-0.9","","18.9","","0.0","","0.0","","5.3","","5.3","","2","E","","M","","M"
"-79.94","43.17","HAMILTON A","6153193","2023-01-23","2023","01","23","","0.6","","-2.7","","-1.1","","19.1","","0.0","","0.0","","0.0","T","0.0","T","5","","23","","56",""
"-79.94","43.17","HAMILTON A","6153193","2023-01-24","2023","01","24","","1.3","","-4.8","","-1.8","","19.8","","0.0","","0.0","","0.0","T","0.0","T","5","","23","","56",""
"-79.94","43.17","HAMILTON A","6153193","2023-01-25","2023","01","25","","1.4","","-3.8","","-1.2","","19.2","","0.0","","0.0","","17.2","","17.2","","2","","5","","52",""
"-79.94","43.17","HAMILTON A","6153193","2023-01-26","2023","01","26","","0.9","","-5.4","","-2.3","","20.3","","0.0","","0.0","","2.3","","2.3","","16","","29","","49",""
"-79.94","43.17","HAMILTON A","6153193","2023-01-27","2023","01","27","","1.5","","-5.0","","-1.8","","19.8","","0.0","","0.0","","0.5","","0.5","","16","","19","","60",""
"-79.94","43.17","HAMILTON A","6153193","2023-01-28","2023","01","28","","1.9","","-2.7","","-0.4","","18.4","","0.0","","0.0","","0.0","T","0.0","T","16","","24","","55",""
"-79.94","43.17","HAMILTON A","6153193","2023-01-29","2023","01","29","","2.8","","-6.9","","-2.1","","20.1","","0.0","","1.3","","1.6","","2.9","","15","","7","","33",""
"-79.94","43.17","HAMILTON A","6153193","2023-01-30","2023","01","30","","-2.7","","-8.9","","-5.8","","23.8","","0.0","","0.0","","0.4","","0.4","","8","","28","","33",""
"-79.94","43.17","HAMILTON A","6153193","2023-01-31","2023","01","31","","-7.3","","-14.2","","-10.8","","28.8","","0.0","","0.0","","0.0","","0.0","","8","","","M","","M"
"-79.94","43.17","HAMILTON A","6153193","2023-02-01","2023","02","01","","","M","","M","","M","","M","","M","0.0","","0.0","T","0.0","T","7","","23","","42",""
"-79.94","43.17","HAMILTON A","6153193","2023-02-02","2023","02","02","","0.2","","-10.4","","-5.1","","23.1","","0.0","","0.0","","0.2","","0.0","T","7","","23","","64",""
"-79.94","43.17","HAMILTON A","6153193","2023-02-03","2023","02","03","","","M","","M","","M","","M","","M","0.0","","0.4","","0.3","","7","","31","","50",""
"-79.94","43.17","HAMILTON A","6153193","2023-02-04","2023","02","04","","-1.1","","-19.4","","-10.3","","28.3","","0.0","","0.0","","0.2","","0.0","T","7","","21","","52",""
"-79.94","43.17","HAMILTON A","6153193","2023-02-05","2023","02","05","","4.0","","-1.2","","1.4","","16.6","","0.0","","0.0","T","0.0","","0.0","T","7","","24","","59",""
"-79.94","43.17","HAMILTON A","6153193","2023-02-06","2023","02","06","","2.0","","-2.7","","-0.4","","18.4","","0.0","","0.0","T","0.0","","0.0","T","5","","33","","33",""
"-79.94","43.17","HAMILTON A","6153193","2023-02-07","2023","02","07","","6.9","","-3.4","","1.8","","16.2","","0.0","","0.0","T","0.0","","0.0","T","4","","23","","49",""
"-79.94","43.17","HAMILTON A","6153193","2023-02-08","2023","02","08","","6.3","","-2.3","","2.0","","16.0","","0.0","","0.0","","0.0","","0.0","","2","","25","","35",""
"-79.94","43.17","HAMILTON A","6153193","2023-02-09","2023","02","09","","7.4","","-2.5","","2.5","","15.5","","0.0","","28.8","","0.0","","28.8","","0","T","24","","77",""
"-79.94","43.17","HAMILTON A","6153193","2023-02-10","2023","02","10","","3.8","","-2.0","","0.9","","17.1","","0.0","","0.2","","0.0","T","0.2","","0","T","25","","58",""
"-79.94","43.17","HAMILTON A","6153193","2023-02-11","2023","02","11","","1.9","","-2.4","","-0.3","","18.3","","0.0","","0.0","","0.0","T","0.0","T","0","T","28","","41",""
"-79.94","43.17","HAMILTON A","6153193","2023-02-12","2023","02","12","","7.7","","-4.6","","1.6","","16.4","","0.0","","0.0","","0.0","","0.0","","0","T","23","","34",""
"-79.94","43.17","HAMILTON A","6153193","2023-02-13","2023","02","13","","8.8","","-4.2","","2.3","","15.7","","0.0","","0.0","","0.0","","0.0","","0","T","27","","55",""
"-79.94","43.17","HAMILTON A","6153193","2023-02-14","2023","02","14","","8.9","","-4.9","","2.0","","16.0","","0.0","","0.0","","0.0","","0.0","","0","T","19","","33",""
"-79.94","43.17","HAMILTON A","6153193","2023-02-15","2023","02","15","","15.2","","2.7","","9.0","","9.0","","0.0","","0.2","","0.0","","0.2","","0","T","24","","94",""
"-79.94","43.17","HAMILTON A","6153193","2023-02-16","2023","02","16","","4.7","","-0.7","","2.0","","16.0","","0.0","","2.5","","0.0","","2.5","","","","6","","51",""
"-79.94","43.17","HAMILTON A","6153193","2023-02-17","2023","02","17","","0.1","","-8.7","","-4.3","","22.3","","0.0","","3.8","","0.4","","4.2","","0","T","3","","48",""
"-79.94","43.17","HAMILTON A","6153193","2023-02-18","2023","02","18","","2.5","","-9.0","","-3.3","","21.3","","0.0","","0.0","","0.0","","0.0","","0","T","21","","59",""
"-79.94","43.17","HAMILTON A","6153193","2023-02-19","2023","02","19","","9.5","","0.2","","4.9","","13.1","","0.0","","0.0","","0.0","","0.0","","","","24","","77",""
"-79.94","43.17","HAMILTON A","6153193","2023-02-20","2023","02","20","","5.9","","-2.7","","1.6","","16.4","","0.0","","0.0","","0.0","","0.0","","","","32","","32",""
"-79.94","43.17","HAMILTON A","6153193","2023-02-21","2023","02","21","","6.6","","-4.3","","1.2","","16.8","","0.0","","0.0","","0.0","T","0.0","T","","","28","","66",""
"-79.94","43.17","HAMILTON A","6153193","2023-02-22","2023","02","22","","-1.1","","-4.5","","-2.8","","20.8","","0.0","","15.0","","14.6","","30.2","","0","T","6","","78",""
"-79.94","43.17","HAMILTON A","6153193","2023-02-23","2023","02","23","","1.8","","-8.1","","-3.2","","21.2","","0.0","","1.5","","2.2","","3.7","","14","","4","","71",""
"-79.94","43.17","HAMILTON A","6153193","2023-02-24","2023","02","24","","","M","","M","","M","","M","","M","0.0","","0.0","T","0.0","T","9","","29","","49",""
"-79.94","43.17","HAMILTON A","6153193","2023-02-25","2023","02","25","","-2.5","","-10.1","","-6.3","","24.3","","0.0","","0.0","","0.9","","0.9","","8","","","M","","M"
"-79.94","43.17","HAMILTON A","6153193","2023-02-26","2023","02","26","","","M","","M","","M","","M","","M","","M","","","","M","8","","","","",""
"-79.94","43.17","HAMILTON A","6153193","2023-02-27","2023","02","27","","0.2","","-9.1","","-4.5","","22.5","","0.0","","1.6","","12.4","","14.0","","7","","4","","61",""
"-79.94","43.17","HAMILTON A","6153193","2023-02-28","2023","02","28","","0.8","","-2.9","","-1.1","","19.1","","0.0","","0.2","","0.2","","0.4","","19","","26","","54",""
"-79.94","43.17","HAMILTON A","6153193","2023-03-01","2023","03","01","","2.3","","-2.8","","-0.3","","18.3","","0.0","","0.0","","0.0","","0.0","","15","","6","","44",""
"-79.94","43.17","HAMILTON A","6153193","2023-03-02","2023","03","02","","4.0","","-3.2","","0.4","","17.6","","0.0","","0.0","","0.0","","0.0","","13","","","M","","M"
"-79.94","43.17","HAMILTON A","6153193","2023-03-03","2023","03","03","","0.9","","-4.9","","-2.0","","20.0","","0.0","","5.4","","10.5","","15.9","","7","","6","","74",""
"-79.94","43.17","HAMILTON A","6153193","2023-03-04","2023","03","04","","4.2","","-1.3","","1.5","","16.5","","0.0","","0.0","","6.0","","6.0","","13","","5","","53",""
"-79.94","43.17","HAMILTON A","6153193","2023-03-05","2023","03","05","","4.8","","-4.5","","0.2","","17.8","","0.0","","0.0","","0.0","","0.0","","11","","28","","32",""
"-79.94","43.17","HAMILTON A","6153193","2023-03-06","2023","03","06","","","M","","M","","M","","M","","M","0.0","","0.0","T","0.0","T","10","","5","","45",""
"-79.94","43.17","HAMILTON A","6153193","2023-03-07","2023","03","07","","2.1","","-3.7","","-0.8","","18.8","","0.0","","0.0","","0.0","","0.0","","9","","33","","53",""
"-79.94","43.17","HAMILTON A","6153193","2023-03-08","2023","03","08","","3.1","","-5.0","","-1.0","","19.0","","0.0","","0.0","","0.0","","0.0","","7","","","M","","M"
"-79.94","43.17","HAMILTON A","6153193","2023-03-09","2023","03","09","","3.6","","-7.1","","-1.8","","19.8","","0.0","","0.0","","0.0","","0.0","","7","","","M","","M"
"-79.94","43.17","HAMILTON A","6153193","2023-03-10","2023","03","10","","-0.2","","-3.1","","-1.7","","19.7","","0.0","","0.0","","15.0","","15.0","","6","","5","","69",""
"-79.94","43.17","HAMILTON A","6153193","2023-03-11","2023","03","11","","-0.7","","-7.0","","-3.9","","21.9","","0.0","","0.0","","1.8","","1.8","","19","","36","","34",""
"-79.94","43.17","HAMILTON A","6153193","2023-03-12","2023","03","12","","-0.7","","-4.7","","-2.7","","20.7","","0.0","","0.0","","1.0","","1.0","","17","","","M","","M"
"-79.94","43.17","HAMILTON A","6153193","2023-03-13","2023","03","13","","","M","","M","","M","","M","","M","0.0","","0.2","","0.2","","17","","","M","","M"
"-79.94","43.17","HAMILTON A","6153193","2023-03-14","2023","03","14","","-1.6","","-6.2","","-3.9","","21.9","","0.0","","0.0","","0.0","T","0.0","T","17","","33","","50",""
"-79.94","43.17","HAMILTON A","6153193","2023-03-15","2023","03","15","","","M","","M","","M","","M","","M","0.0","","0.0","","0.0","","16","","","M","","M"
"-79.94","43.17","HAMILTON A","6153193","2023-03-16","2023","03","16","","8.2","","-3.3","","2.5","","15.5","","0.0","","3.6","","0.0","","3.6","","14","","21","","36",""
"-79.94","43.17","HAMILTON A","6153193","2023-03-17","2023","03","17","","6.5","","-0.5","","3.0","","15.0","","0.0","","8.0","","0.0","","8.0","","4","","27","","60",""
"-79.94","43.17","HAMILTON A","6153193","2023-03-18","2023","03","18","","0.4","","-6.6","","-3.1","","21.1","","0.0","","0.0","","0.0","T","0.0","T","2","","24","","82",""
"-79.94","43.17","HAMILTON A","6153193","2023-03-19","2023","03","19","","0.2","","-7.4","","-3.6","","21.6","","0.0","","0.0","","4.4","","4.4","","5","","26","","55",""
"-79.94","43.17","HAMILTON A","6153193","2023-03-20","2023","03","20","","4.4","","-2.6","","0.9","","17.1","","0.0","","0.0","","0.0","","0.0","","1","","23","","64",""
"-79.94","43.17","HAMILTON A","6153193","2023-03-21","2023","03","21","","","M","","M","","M","","M","","M","0.0","T","0.0","","0.0","T","0","T","22","","31",""
"-79.94","43.17","HAMILTON A","6153193","2023-03-22","2023","03","22","","8.7","","0.4","","4.6","","13.4","","0.0","","2.2","","0.0","","2.2","","0","T","21","","31",""
"-79.94","43.17","HAMILTON A","6153193","2023-03-23","2023","03","23","","9.4","","-1.2","","4.1","","13.9","","0.0","","6.8","","0.0","","6.8","","0","T","33","","35",""
"-79.94","43.17","HAMILTON A","6153193","2023-03-24","2023","03","24","","5.8","","-2.2","","1.8","","16.2","","0.0","","0.0","","0.0","","0.0","","0","T","6","","39",""
"-79.94","43.17","HAMILTON A","6153193","2023-03-25","2023","03","25","","11.6","","0.0","","5.8","","12.2","","0.0","","15.7","","0.0","T","15.7","","0","T","24","","103",""
"-79.94","43.17","HAMILTON A","6153193","2023-03-26","2023","03","26","","10.0","","0.5","","5.3","","12.7","","0.0","","0.0","","0.0","T","0.0","T","0","T","27","","68",""
"-79.94","43.17","HAMILTON A","6153193","2023-03-27","2023","03","27","","3.8","","-0.2","","1.8","","16.2","","0.0","","2.8","","0.0","","2.8","","0","T","5","","47",""
"-79.94","43.17","HAMILTON A","6153193","2023-03-28","2023","03","28","","7.6","","-2.3","","2.7","","15.3","","0.0","","0.0","","0.0","","0.0","","","","","M","","M"
"-79.94","43.17","HAMILTON A","6153193","2023-03-29","2023","03","29","","8.2","","-5.6","","1.3","","16.7","","0.0","","0.0","","2.6","","2.6","","2","E","24","","82",""
"-79.94","43.17","HAMILTON A","6153193","2023-03-30","2023","03","30","","3.1","","-8.7","","-2.8","","20.8","","0.0","","0.0","","0.0","","0.0","","","","17","","36",""
"-79.94","43.17","HAMILTON A","6153193","2023-03-31","2023","03","31","","9.5","","-1.2","","4.2","","13.8","","0.0","","31.2","","0.0","","31.2","","","","19","","33",""
"-79.94","43.17","HAMILTON A","6153193","2023-04-01","2023","04","01","","13.3","","-2.3","","5.5","","12.5","","0.0","","19.1","","0.0","","19.1","","","","23","","58",""
"-79.94","43.17","HAMILTON A","6153193","2023-04-02","2023","04","02","","4.3","","-5.1","","-0.4","","18.4","","0.0","","0.0","","0.0","","0.0","","","","33","","44",""
"-79.94","43.17","HAMILTON A","6153193","2023-04-03","2023","04","03","","15.1","","-1.5","","6.8","","11.2","","0.0","","3.0","","0.0","","3.0","","","","23","","47",""
"-79.94","43.17","HAMILTON A","6153193","2023-04-04","2023","04","04","","9.5","","4.1","","6.8","","11.2","","0.0","","15.9","","0.0","","15.9","","","","7","","50",""
"-79.94","43.17","HAMILTON A","6153193","2023-04-05","2023","04","05","","14.7","","2.7","","8.7","","9.3","","0.0","","15.6","","0.0","","15.6","","","","32","","62",""
"-79.94","43.17","HAMILTON A","6153193","2023-04-06","2023","04","06","","14.4","","2.9","","8.7","","9.3","","0.0","","0.0","","0.0","","0.0","","","","28","","45",""
"-79.94","43.17","HAMILTON A","6153193","2023-04-07","2023","04","07","","6.0","","-3.9","","1.1","","16.9","","0.0","","0.0","","0.0","","0.0","","","","29","","40",""
"-79.94","43.17","HAMILTON A","6153193","2023-04-08","2023","04","08","","8.0","","-5.3","","1.4","","16.6","","0.0","","0.0","","0.0","","0.0","","","","","M","","M"
"-79.94","43.17","HAMILTON A","6153193","2023-04-09","2023","04","09","","","M","","M","","M","","M","","M","0.0","","0.0","","0.0","","","","","M","","M"
"-79.94","43.17","HAMILTON A","6153193","2023-04-10","2023","04","10","","18.6","","-1.3","","8.7","","9.3","","0.0","","0.0","","0.0","","0.0","","","","","M","","M"
"-79.94","43.17","HAMILTON A","6153193","2023-04-11","2023","04","11","","21.6","","2.3","","12.0","","6.0","","0.0","","0.0","","0.0","","0.0","","","","28","","53",""
"-79.94","43.17","HAMILTON A","6153193","2023-04-12","2023","04","12","","26.0","","10.2","","18.1","","0.0","","0.1","","0.0","","0.0","","0.0","","","","23","","54",""
"-79.94","43.17","HAMILTON A","6153193","2023-04-13","2023","04","13","","27.8","","12.5","","20.2","","0.0","","2.2","","0.0","","0.0","","0.0","","","","23","","47",""
"-79.94","43.17","HAMILTON A","6153193","2023-04-14","2023","04","14","","27.6","","7.6","","17.6","","0.4","","0.0","","0.0","","0.0","","0.0","","","","","M","","M"
"-79.94","43.17","HAMILTON A","6153193","2023-04-15","2023","04","15","","23.6","","10.6","","17.1","","0.9","","0.0","","0.0","","0.0","","0.0","","","","2","","39",""
"-79.94","43.17","HAMILTON A","6153193","2023-04-16","2023","04","16","","26.1","","7.2","","16.7","","1.3","","0.0","","5.8","","0.0","","5.8","","","","26","","64",""
"-79.94","43.17","HAMILTON A","6153193","2023-04-17","2023","04","17","","7.5","","1.5","","4.5","","13.5","","0.0","","1.0","","0.0","","1.0","","","","21","","57",""
"-79.94","43.17","HAMILTON A","6153193","2023-04-18","2023","04","18","","4.2","","0.6","","2.4","","15.6","","0.0","","0.0","","0.6","","0.6","","","","26","","49",""
"-79.94","43.17","HAMILTON A","6153193","2023-04-19","2023","04","19","","9.3","","0.3","","4.8","","13.2","","0.0","","0.0","","0.0","T","0.0","T","","","27","","41",""
"-79.94","43.17","HAMILTON A","6153193","2023-04-20","2023","04","20","","8.7","","2.6","","5.7","","12.3","","0.0","","0.4","","0.0","","0.4","","","","6","","53",""
"-79.94","43.17","HAMILTON A","6153193","2023-04-21","2023","04","21","","23.8","","3.9","","13.9","","4.1","","0.0","","8.8","","0.0","","8.8","","","","27","","49",""
"-79.94","43.17","HAMILTON A","6153193","2023-04-22","2023","04","22","","11.1","","4.5","","7.8","","10.2","","0.0","","19.2","","0.0","","19.2","","","","23","","41",""
"-79.94","43.17","HAMILTON A","6153193","2023-04-23","2023","04","23","","8.8","","2.6","","5.7","","12.3","","0.0","","0.6","","0.0","","0.6","","","","26","","35",""
"-79.94","43.17","HAMILTON A","6153193","2023-04-24","2023","04","24","","8.2","","2.0","","5.1","","12.9","","0.0","","1.1","","0.0","","1.1","","","","31","","36",""
"-79.94","43.17","HAMILTON A","6153193","2023-04-25","2023","04","25","","9.8","","-0.2","","4.8","","13.2","","0.0","","0.0","T","0.0","","0.0","T","","","24","","40",""
"-79.94","43.17","HAMILTON A","6153193","2023-04-26","2023","04","26","","9.8","","-0.8","","4.5","","13.5","","0.0","","0.0","","0.0","","0.0","","","","","M","","M"
"-79.94","43.17","HAMILTON A","6153193","2023-04-27","2023","04","27","","12.1","","-1.8","","5.2","","12.8","","0.0","","0.0","","0.0","","0.0","","","","5","","39",""
"-79.94","43.17","HAMILTON A","6153193","2023-04-28","2023","04","28","","9.5","","4.0","","6.8","","11.2","","0.0","","10.0","","0.0","","10.0","","","","5","","40",""
"-79.94","43.17","HAMILTON A","6153193","2023-04-29","2023","04","29","","13.8","","5.9","","9.9","","8.1","","0.0","","4.0","","0.0","","4.0","","","","22","","40",""
"-79.94","43.17","HAMILTON A","6153193","2023-04-30","2023","04","30","","10.4","","4.3","","7.4","","10.6","","0.0","","6.7","","0.0","","6.7","","","","27","","33",""
"-79.94","43.17","HAMILTON A","6153193","2023-05-01","2023","05","01","","10.3","","1.4","","5.9","","12.1","","0.0","","0.8","","0.0","","0.8","","","","24","","49",""
"-79.94","43.17","HAMILTON A","6153193","2023-05-02","2023","05","02","","6.8","","1.3","","4.1","","13.9","","0.0","","8.0","","0.0","","8.0","","","","23","","34",""
"-79.94","43.17","HAMILTON A","6153193","2023-05-03","2023","05","03","","9.8","","1.2","","5.5","","12.5","","0.0","","9.2","","0.0","","9.2","","","","35","","31",""
"-79.94","43.17","HAMILTON A","6153193","2023-05-04","2023","05","04","","11.5","","5.4","","8.5","","9.5","","0.0","","5.4","","0.0","","5.4","","","","","M","","M"
"-79.94","43.17","HAMILTON A","6153193","2023-05-05","2023","05","05","","14.0","","4.1","","9.1","","8.9","","0.0","","0.0","","0.0","","0.0","","","","","M","","M"
"-79.94","43.17","HAMILTON A","6153193","2023-05-06","2023","05","06","","","M","","M","","M","","M","","M","0.0","","0.0","","0.0","","","","","M","","M"
"-79.94","43.17","HAMILTON A","6153193","2023-05-07","2023","05","07","","15.5","","8.1","","11.8","","6.2","","0.0","","2.8","","0.0","","2.8","","","","4","","41",""
"-79.94","43.17","HAMILTON A","6153193","2023-05-08","2023","05","08","","","M","","M","","M","","M","","M","0.0","","0.0","","0.0","","","","","M","","M"
"-79.94","43.17","HAMILTON A","6153193","2023-05-09","2023","05","09","","16.6","","5.1","","10.9","","7.1","","0.0","","0.0","","0.0","","0.0","","","","6","","35",""
"-79.94","43.17","HAMILTON A","6153193","2023-05-10","2023","05","10","","19.8","","4.4","","12.1","","5.9","","0.0","","0.0","","0.0","","0.0","","","","","M","","M"
"-79.94","43.17","HAMILTON A","6153193","2023-05-11","2023","05","11","","26.4","","8.0","","17.2","","0.8","","0.0","","0.0","","0.0","","0.0","","","","26","","38",""
"-79.94","43.17","HAMILTON A","6153193","2023-05-12","2023","05","12","","27.6","","9.6","","18.6","","0.0","","0.6","","0.0","","0.0","","0.0","","","","","M","","M"
"-79.94","43.17","HAMILTON A","6153193","2023-05-13","2023","05","13","","22.4","","12.4","","17.4","","0.6","","0.0","","0.0","","0.0","","0.0","","","","2","","36",""
"-79.94","43.17","HAMILTON A","6153193","2023-05-14","2023","05","14","","16.5","","6.8","","11.7","","6.3","","0.0","","0.0","","0.0","","0.0","","","","5","","42",""
"-79.94","43.17","HAMILTON A","6153193","2023-05-15","2023","05","15","","21.9","","1.3","","11.6","","6.4","","0.0","","0.0","","0.0","","0.0","","","","26","","35",""
"-79.94","43.17","HAMILTON A","6153193","2023-05-16","2023","05","16","","23.0","","5.4","","14.2","","3.8","","0.0","","0.0","","0.0","","0.0","","","","25","","48",""
"-79.94","43.17","HAMILTON A","6153193","2023-05-17","2023","05","17","","12.5","","1.3","","6.9","","11.1","","0.0","","0.0","","0.0","","0.0","","","","4","","39",""
"-79.94","43.17","HAMILTON A","6153193","2023-05-18","2023","05","18","","13.8","","0.0","","6.9","","11.1","","0.0","","0.0","","0.0","","0.0","","","","","M","","M"
"-79.94","43.17","HAMILTON A","6153193","2023-05-19","2023","05","19","","22.3","","4.3","","13.3","","4.7","","0.0","","3.6","","0.0","","3.6","","","","18","","49",""
"-79.94","43.17","HAMILTON A","6153193","2023-05-20","2023","05","20","","15.6","","9.5","","12.6","","5.4","","0.0","","9.3","","0.0","","9.3","","","","27","","42",""
"-79.94","43.17","HAMILTON A","6153193","2023-05-21","2023","05","21","","22.9","","8.2","","15.6","","2.4","","0.0","","0.0","","0.0","","0.0","","","","31","","39",""
"-79.94","43.17","HAMILTON A","6153193","2023-05-22","2023","05","22","","15.5","","6.5","","11.0","","7.0","","0.0","","0.0","","0.0","","0.0","","","","7","","49",""
"-79.94","43.17","HAMILTON A","6153193","2023-05-23","2023","05","23","","20.3","","6.7","","13.5","","4.5","","0.0","","0.0","","0.0","","0.0","","","","","M","","M"
"-79.94","43.17","HAMILTON A","6153193","2023-05-24","2023","05","24","","17.4","","6.1","","11.8","","6.2","","0.0","","0.0","","0.0","","0.0","","","","1","","53",""
"-79.94","43.17","HAMILTON A","6153193","2023-05-25","2023","05","25","","16.2","","3.5","","9.9","","8.1","","0.0","","0.0","","0.0","","0.0","","","","5","","48",""
"-79.94","43.17","HAMILTON A","6153193","2023-05-26","2023","05","26","","21.0","","1.8","","11.4","","6.6","","0.0","","0.0","","0.0","","0.0","","","","","M","","M"
"-79.94","43.17","HAMILTON A","6153193","2023-05-27","2023","05","27","","23.8","","7.6","","15.7","","2.3","","0.0","","0.0","","0.0","","0.0","","","","","M","","M"
"-79.94","43.17","HAMILTON A","6153193","2023-05-28","2023","05","28","","26.1","","10.3","","18.2","","0.0","","0.2","","0.0","","0.0","","0.0","","","","","M","","M"
"-79.94","43.17","HAMILTON A","6153193","2023-05-29","2023","05","29","","23.2","","11.1","","17.2","","0.8","","0.0","","0.0","","0.0","","0.0","","","","4","","44",""
"-79.94","43.17","HAMILTON A","6153193","2023-05-30","2023","05","30","","28.5","","11.6","","20.1","","0.0","","2.1","","0.0","","0.0","","0.0","","","","","M","","M"
"-79.94","43.17","HAMILTON A","6153193","2023-05-31","2023","05","31","","30.0","","13.0","","21.5","","0.0","","3.5","","0.0","","0.0","","0.0","","","","","M","","M"
"-79.94","43.17","HAMILTON A","6153193","2023-06-01","2023","06","01","","29.7","","12.9","","21.3","","0.0","","3.3","","0.0","","0.0","","0.0","","","","8","","31",""
"-79.94","43.17","HAMILTON A","6153193","2023-06-02","2023","06","02","","31.7","","17.4","","24.6","","0.0","","6.6","","0.0","","0.0","","0.0","","","","4","","49",""
"-79.94","43.17","HAMILTON A","6153193","2023-06-03","2023","06","03","","21.1","","11.6","","16.4","","1.6","","0.0","","0.0","","0.0","","0.0","","","","5","","60",""
"-79.94","43.17","HAMILTON A","6153193","2023-06-04","2023","06","04","","20.4","","9.8","","15.1","","2.9","","0.0","","0.0","","0.0","","0.0","","","","7","","37",""
"-79.94","43.17","HAMILTON A","6153193","2023-06-05","2023","06","05","","","M","","M","","M","","M","","M","0.0","","0.0","","0.0","","","","","M","","M"
"-79.94","43.17","HAMILTON A","6153193","2023-06-06","2023","06","06","","23.0","","11.3","","17.2","","0.8","","0.0","","0.0","","0.0","","0.0","","","","2","","39",""
"-79.94","43.17","HAMILTON A","6153193","2023-06-07","2023","06","07","","20.9","","9.9","","15.4","","2.6","","0.0","","0.0","","0.0","","0.0","","","","1","","37",""
"-79.94","43.17","HAMILTON A","6153193","2023-06-08","2023","06","08","","17.8","","11.2","","14.5","","3.5","","0.0","","0.0","","0.0","","0.0","","","","5","","31",""
"-79.94","43.17","HAMILTON A","6153193","2023-06-09","2023","06","09","","20.1","","8.0","","14.1","","3.9","","0.0","","5.4","","0.0","","5.4","","","","","M","","M"
"-79.94","43.17","HAMILTON A","6153193","2023-06-10","2023","06","10","","26.4","","7.5","","17.0","","1.0","","0.0","","0.0","","0.0","","0.0","","","","22","","36",""
"-79.94","43.17","HAMILTON A","6153193","2023-06-11","2023","06","11","","20.8","","14.4","","17.6","","0.4","","0.0","","11.0","","0.0","","11.0","","","","7","","50",""
"-79.94","43.17","HAMILTON A","6153193","2023-06-12","2023","06","12","","17.7","","10.4","","14.1","","3.9","","0.0","","31.4","","0.0","","31.4","","","","26","","49",""
"-79.94","43.17","HAMILTON A","6153193","2023-06-13","2023","06","13","","19.1","","9.5","","14.3","","3.7","","0.0","","1.4","","0.0","","1.4","","","","17","","34",""
"-79.94","43.17","HAMILTON A","6153193","2023-06-14","2023","06","14","","20.9","","11.0","","16.0","","2.0","","0.0","","10.0","","0.0","","10.0","","","","28","","39",""
"-79.94","43.17","HAMILTON A","6153193","2023-06-15","2023","06","15","","19.5","","8.8","","14.2","","3.8","","0.0","","2.4","","0.0","","2.4","","","","","M","","M"
"-79.94","43.17","HAMILTON A","6153193","2023-06-16","2023","06","16","","21.6","","13.5","","17.6","","0.4","","0.0","","6.6","","0.0","","6.6","","","","","M","","M"
"-79.94","43.17","HAMILTON A","6153193","2023-06-17","2023","06","17","","24.9","","10.8","","17.9","","0.1","","0.0","","0.0","","0.0","","0.0","","","","27","","31",""
"-79.94","43.17","HAMILTON A","6153193","2023-06-18","2023","06","18","","24.9","","9.7","","17.3","","0.7","","0.0","","0.0","","0.0","","0.0","","","","","M","","M"
"-79.94","43.17","HAMILTON A","6153193","2023-06-19","2023","06","19","","22.3","","12.6","","17.5","","0.5","","0.0","","0.0","","0.0","","0.0","","","","4","","46",""
"-79.94","43.17","HAMILTON A","6153193","2023-06-20","2023","06","20","","23.3","","15.7","","19.5","","0.0","","1.5","","0.0","","0.0","","0.0","","","","5","","54",""
"-79.94","43.17","HAMILTON A","6153193","2023-06-21","2023","06","21","","25.2","","15.2","","20.2","","0.0","","2.2","","0.0","","0.0","","0.0","","","","6","","37",""
"-79.94","43.17","HAMILTON A","6153193","2023-06-22","2023","06","22","","22.7","","14.1","","18.4","","0.0","","0.4","","0.0","T","0.0","","0.0","T","","","5","","39",""
"-79.94","43.17","HAMILTON A","6153193","2023-06-23","2023","06","23","","22.2","","17.1","","19.7","","0.0","","1.7","","6.2","","0.0","","6.2","","","","","M","","M"
"-79.94","43.17","HAMILTON A","6153193","2023-06-24","2023","06","24","","26.5","","17.0","","21.8","","0.0","","3.8","","1.0","","0.0","","1.0","","","","","M","","M"
"-79.94","43.17","HAMILTON A","6153193","2023-06-25","2023","06","25","","28.1","","15.2","","21.7","","0.0","","3.7","","2.2","","0.0","","2.2","","","","8","","41",""
"-79.94","43.17","HAMILTON A","6153193","2023-06-26","2023","06","26","","23.9","","17.4","","20.7","","0.0","","2.7","","3.0","","0.0","","3.0","","","","22","","40",""
"-79.94","43.17","HAMILTON A","6153193","2023-06-27","2023","06","27","","24.1","","15.4","","19.8","","0.0","","1.8","","34.2","","0.0","","34.2","","","","34","","36",""
"-79.94","43.17","HAMILTON A","6153193","2023-06-28","2023","06","28","","24.4","","13.0","","18.7","","0.0","","0.7","","0.0","","0.0","","0.0","","","","33","","33",""
"-79.94","43.17","HAMILTON A","6153193","2023-06-29","2023","06","29","","25.5","","10.3","","17.9","","0.1","","0.0","","0.0","","0.0","","0.0","","","","","M","","M"
"-79.94","43.17","HAMILTON A","6153193","2023-06-30","2023","06","30","","27.9","","16.6","","22.3","","0.0","","4.3","","0.4","","0.0","","0.4","","","","13","","35",""
"-79.94","43.17","HAMILTON A","6153193","2023-07-01","2023","07","01","","29.5","","17.7","","23.6","","0.0","","5.6","","0.0","","0.0","","0.0","","","","","M","","M"
"-79.94","43.17","HAMILTON A","6153193","2023-07-02","2023","07","02","","22.2","","19.5","","20.9","","0.0","","2.9","","15.9","","0.0","","15.9","","","","","M","","M"
"-79.94","43.17","HAMILTON A","6153193","2023-07-03","2023","07","03","","24.2","","16.1","","20.2","","0.0","","2.2","","12.4","","0.0","","12.4","","","","2","","31",""
"-79.94","43.17","HAMILTON A","6153193","2023-07-04","2023","07","04","","30.3","","14.8","","22.6","","0.0","","4.6","","15.4","","0.0","","15.4","","","","10","","51",""
"-79.94","43.17","HAMILTON A","6153193","2023-07-05","2023","07","05","","30.5","","17.6","","24.1","","0.0","","6.1","","0.0","","0.0","","0.0","","","","22","","31",""
"-79.94","43.17","HAMILTON A","6153193","2023-07-06","2023","07","06","","29.8","","19.9","","24.9","","0.0","","6.9","","2.6","","0.0","","2.6","","","","29","","49",""
"-79.94","43.17","HAMILTON A","6153193","2023-07-07","2023","07","07","","25.1","","12.3","","18.7","","0.0","","0.7","","0.0","","0.0","","0.0","","","","26","","35",""
"-79.94","43.17","HAMILTON A","6153193","2023-07-08","2023","07","08","","24.2","","10.8","","17.5","","0.5","","0.0","","1.5","","0.0","","1.5","","","","","M","","M"
"-79.94","43.17","HAMILTON A","6153193","2023-07-09","2023","07","09","","25.1","","14.8","","20.0","","0.0","","2.0","","0.0","T","0.0","","0.0","T","","","","M","","M"
"-79.94","43.17","HAMILTON A","6153193","2023-07-10","2023","07","10","","","M","","M","","M","","M","","M","0.0","","0.0","","0.0","","","","23","","35",""
"-79.94","43.17","HAMILTON A","6153193","2023-07-11","2023","07","11","","27.9","","15.3","","21.6","","0.0","","3.6","","0.8","","0.0","","0.8","","","","23","","49",""
"-79.94","43.17","HAMILTON A","6153193","2023-07-12","2023","07","12","","25.4","","13.1","","19.3","","0.0","","1.3","","7.8","","0.0","","7.8","","","","","M","","M"
"-79.94","43.17","HAMILTON A","6153193","2023-07-13","2023","07","13","","23.6","","14.2","","18.9","","0.0","","0.9","","0.6","","0.0","","0.6","","","","28","","39",""
"-79.94","43.17","HAMILTON A","6153193","2023-07-14","2023","07","14","","26.2","","13.7","","20.0","","0.0","","2.0","","0.0","","0.0","","0.0","","","","19","","31",""
"-79.94","43.17","HAMILTON A","6153193","2023-07-15","2023","07","15","","24.9","","17.1","","21.0","","0.0","","3.0","","9.6","","0.0","","9.6","","","","","M","","M"
"-79.94","43.17","HAMILTON A","6153193","2023-07-16","2023","07","16","","26.7","","17.3","","22.0","","0.0","","4.0","","0.2","","0.0","","0.2","","","","23","","33",""
"-79.94","43.17","HAMILTON A","6153193","2023-07-17","2023","07","17","","26.1","","14.1","","20.1","","0.0","","2.1","","0.0","","0.0","","0.0","","","","22","","40",""
"-79.94","43.17","HAMILTON A","6153193","2023-07-18","2023","07","18","","25.5","","14.8","","20.2","","0.0","","2.2","","0.0","","0.0","","0.0","","","","","M","","M"
"-79.94","43.17","HAMILTON A","6153193","2023-07-19","2023","07","19","","26.1","","12.9","","19.5","","0.0","","1.5","","0.0","T","0.0","","0.0","T","","","","M","","M"
"-79.94","43.17","HAMILTON A","6153193","2023-07-20","2023","07","20","","27.8","","14.6","","21.2","","0.0","","3.2","","8.2","","0.0","","8.2","","","","25","","47",""
"-79.94","43.17","HAMILTON A","6153193","2023-07-21","2023","07","21","","25.5","","14.8","","20.2","","0.0","","2.2","","0.0","","0.0","","0.0","","","","31","","37",""
"-79.94","43.17","HAMILTON A","6153193","2023-07-22","2023","07","22","","26.2","","13.4","","19.8","","0.0","","1.8","","0.0","","0.0","","0.0","","","","","M","","M"
"-79.94","43.17","HAMILTON A","6153193","2023-07-23","2023","07","23","","26.8","","14.5","","20.7","","0.0","","2.7","","0.3","","0.0","","0.3","","","","22","","46",""
"-79.94","43.17","HAMILTON A","6153193","2023-07-24","2023","07","24","","27.0","","16.4","","21.7","","0.0","","3.7","","0.0","","0.0","","0.0","","","","23","","36",""
"-79.94","43.17","HAMILTON A","6153193","2023-07-25","2023","07","25","","26.2","","16.6","","21.4","","0.0","","3.4","","0.5","","0.0","","0.5","","","","17","","39",""
"-79.94","43.17","HAMILTON A","6153193","2023-07-26","2023","07","26","","28.7","","17.5","","23.1","","0.0","","5.1","","30.6","","0.0","","30.6","","","","21","","42",""
"-79.94","43.17","HAMILTON A","6153193","2023-07-27","2023","07","27","","29.0","","19.6","","24.3","","0.0","","6.3","","5.8","","0.0","","5.8","","","","","M","","M"
"-79.94","43.17","HAMILTON A","6153193","2023-07-28","2023","07","28","","30.4","","17.3","","23.9","","0.0","","5.9","","0.0","","0.0","","0.0","","","","","M","","M"
"-79.94","43.17","HAMILTON A","6153193","2023-07-29","2023","07","29","","22.8","","13.7","","18.3","","0.0","","0.3","","11.0","","0.0","","11.0","","","","3","","41",""
"-79.94","43.17","HAMILTON A","6153193","2023-07-30","2023","07","30","","24.1","","11.9","","18.0","","0.0","","0.0","","0.0","T","0.0","","0.0","T","","","33","","36",""
"-79.94","43.17","HAMILTON A","6153193","2023-07-31","2023","07","31","","23.3","","11.9","","17.6","","0.4","","0.0","","0.6","","0.0","","0.6","","","","4","","32",""
"-79.94","43.17","HAMILTON A","6153193","2023-08-01","2023","08","01","","24.0","","9.8","","16.9","","1.1","","0.0","","0.0","","0.0","","0.0","","","","","M","","M"
"-79.94","43.17","HAMILTON A","6153193","2023-08-02","2023","08","02","","24.9","","12.3","","18.6","","0.0","","0.6","","1.8","","0.0","","1.8","","","","","M","","M"
"-79.94","43.17","HAMILTON A","6153193","2023-08-03","2023","08","03","","27.4","","16.9","","22.2","","0.0","","4.2","","4.4","","0.0","","4.4","","","","2","","44",""
"-79.94","43.17","HAMILTON A","6153193","2023-08-04","2023","08","04","","27.0","","15.9","","21.5","","0.0","","3.5","","0.0","","0.0","","0.0","","","","","M","","M"
"-79.94","43.17","HAMILTON A","6153193","2023-08-05","2023","08","05","","23.1","","14.5","","18.8","","0.0","","0.8","","0.0","","0.0","","0.0","","","","6","","35",""
"-79.94","43.17","HAMILTON A","6153193","2023-08-06","2023","08","06","","23.6","","12.9","","18.3","","0.0","","0.3","","4.6","","0.0","","4.6","","","","4","","52",""
"-79.94","43.17","HAMILTON A","6153193","2023-08-07","2023","08","07","","24.5","","17.2","","20.9","","0.0","","2.9","","0.9","","0.0","","0.9","","","","23","","38",""
"-79.94","43.17","HAMILTON A","6153193","2023-08-08","2023","08","08","","25.4","","14.4","","19.9","","0.0","","1.9","","0.0","T","0.0","","0.0","T","","","28","","52",""
"-79.94","43.17","HAMILTON A","6153193","2023-08-09","2023","08","09","","27.8","","14.3","","21.1","","0.0","","3.1","","0.0","","0.0","","0.0","","","","23","","32",""
"-79.94","43.17","HAMILTON A","6153193","2023-08-10","2023","08","10","","26.4","","17.9","","22.2","","0.0","","4.2","","3.2","","0.0","","3.2","","","","35","","37",""
"-79.94","43.17","HAMILTON A","6153193","2023-08-11","2023","08","11","","24.8","","12.8","","18.8","","0.0","","0.8","","0.0","T","0.0","","0.0","T","","","","M","","M"
"-79.94","43.17","HAMILTON A","6153193","2023-08-12","2023","08","12","","26.6","","17.2","","21.9","","0.0","","3.9","","13.2","","0.0","","13.2","","","","25","","64",""
"-79.94","43.17","HAMILTON A","6153193","2023-08-13","2023","08","13","","25.0","","13.9","","19.5","","0.0","","1.5","","0.0","","0.0","","0.0","","","","27","","41",""
"-79.94","43.17","HAMILTON A","6153193","2023-08-14","2023","08","14","","22.8","","13.7","","18.3","","0.0","","0.3","","0.0","","0.0","","0.0","","","","","M","","M"
"-79.94","43.17","HAMILTON A","6153193","2023-08-15","2023","08","15","","19.7","","16.3","","18.0","","0.0","","0.0","","38.3","","0.0","","38.3","","","","4","","37",""
"-79.94","43.17","HAMILTON A","6153193","2023-08-16","2023","08","16","","26.1","","15.2","","20.7","","0.0","","2.7","","0.0","","0.0","","0.0","","","","","M","","M"
"-79.94","43.17","HAMILTON A","6153193","2023-08-17","2023","08","17","","25.0","","15.1","","20.1","","0.0","","2.1","","11.4","","0.0","","11.4","","","","27","","64",""
"-79.94","43.17","HAMILTON A","6153193","2023-08-18","2023","08","18","","17.9","","10.5","","14.2","","3.8","","0.0","","0.0","","0.0","","0.0","","","","26","","52",""
"-79.94","43.17","HAMILTON A","6153193","2023-08-19","2023","08","19","","23.4","","9.3","","16.4","","1.6","","0.0","","0.0","","0.0","","0.0","","","","25","","36",""
"-79.94","43.17","HAMILTON A","6153193","2023-08-20","2023","08","20","","27.6","","12.9","","20.3","","0.0","","2.3","","0.0","","0.0","","0.0","","","","22","","36",""
"-79.94","43.17","HAMILTON A","6153193","2023-08-21","2023","08","21","","23.9","","14.6","","19.3","","0.0","","1.3","","0.0","","0.0","","0.0","","","","2","","31",""
"-79.94","43.17","HAMILTON A","6153193","2023-08-22","2023","08","22","","","M","","M","","M","","M","","M","0.0","","0.0","","0.0","","","","6","","33",""
"-79.94","43.17","HAMILTON A","6153193","2023-08-23","2023","08","23","","18.6","","14.4","","16.5","","1.5","","0.0","","17.6","","0.0","","17.6","","","","12","","33",""
"-79.94","43.17","HAMILTON A","6153193","2023-08-24","2023","08","24","","26.6","","17.0","","21.8","","0.0","","3.8","","16.7","","0.0","","16.7","","","","35","","99",""
"-79.94","43.17","HAMILTON A","6153193","2023-08-25","2023","08","25","","23.7","","15.6","","19.7","","0.0","","1.7","","0.0","T","0.0","","0.0","T","","","","M","","M"
"-79.94","43.17","HAMILTON A","6153193","2023-08-26","2023","08","26","","24.6","","14.2","","19.4","","0.0","","1.4","","0.9","","0.0","","0.9","","","","4","","39",""
"-79.94","43.17","HAMILTON A","6153193","2023-08-27","2023","08","27","","20.7","","10.6","","15.7","","2.3","","0.0","","0.0","","0.0","","0.0","","","","5","","32",""
"-79.94","43.17","HAMILTON A","6153193","2023-08-28","2023","08","28","","22.0","","9.6","","15.8","","2.2","","0.0","","0.0","","0.0","","0.0","","","","","M","","M"
"-79.94","43.17","HAMILTON A","6153193","2023-08-29","2023","08","29","","24.6","","10.0","","17.3","","0.7","","0.0","","6.0","","0.0","","6.0","","","","","M","","M"
"-79.94","43.17","HAMILTON A","6153193","2023-08-30","2023","08","30","","18.8","","9.7","","14.3","","3.7","","0.0","","0.0","T","0.0","","0.0","T","","","30","","42",""
"-79.94","43.17","HAMILTON A","6153193","2023-08-31","2023","08","31","","21.2","","7.2","","14.2","","3.8","","0.0","","0.0","","0.0","","0.0","","","","","M","","M"
"-79.94","43.17","HAMILTON A","6153193","2023-09-01","2023","09","01","","23.6","","9.9","","16.8","","1.2","","0.0","","0.0","","0.0","","0.0","","","","","M","","M"
"-79.94","43.17","HAMILTON A","6153193","2023-09-02","2023","09","02","","24.6","","10.0","","17.3","","0.7","","0.0","","0.0","T","0.0","","0.0","T","","","26","","45",""
"-79.94","43.17","HAMILTON A","6153193","2023-09-03","2023","09","03","","28.8","","15.1","","22.0","","0.0","","4.0","","0.0","","0.0","","0.0","","","","23","","40",""
"-79.94","43.17","HAMILTON A","6153193","2023-09-04","2023","09","04","","30.7","","19.0","","24.9","","0.0","","6.9","","0.0","","0.0","","0.0","","","","25","","33",""
"-79.94","43.17","HAMILTON A","6153193","2023-09-05","2023","09","05","","31.0","","17.6","","24.3","","0.0","","6.3","","0.0","","0.0","","0.0","","","","","M","","M"
"-79.94","43.17","HAMILTON A","6153193","2023-09-06","2023","09","06","","30.2","","19.3","","24.8","","0.0","","6.8","","0.0","T","0.0","","0.0","T","","","22","","45",""
"-79.94","43.17","HAMILTON A","6153193","2023-09-07","2023","09","07","","26.7","","17.0","","21.9","","0.0","","3.9","","15.9","","0.0","","15.9","","","","23","","50",""
"-79.94","43.17","HAMILTON A","6153193","2023-09-08","2023","09","08","","19.5","","14.3","","16.9","","1.1","","0.0","","0.0","","0.0","","0.0","","","","","M","","M"
"-79.94","43.17","HAMILTON A","6153193","2023-09-09","2023","09","09","","17.5","","14.5","","16.0","","2.0","","0.0","","1.1","","0.0","","1.1","","","","","M","","M"
"-79.94","43.17","HAMILTON A","6153193","2023-09-10","2023","09","10","","","M","","M","","M","","M","","M","0.0","","0.0","","0.0","","","","","M","","M"
"-79.94","43.17","HAMILTON A","6153193","2023-09-11","2023","09","11","","24.5","","13.7","","19.1","","0.0","","1.1","","0.0","T","0.0","","0.0","T","","","","M","","M"
"-79.94","43.17","HAMILTON A","6153193","2023-09-12","2023","09","12","","21.3","","12.5","","16.9","","1.1","","0.0","","0.6","","0.0","","0.6","","","","27","","36",""
"-79.94","43.17","HAMILTON A","6153193","2023-09-13","2023","09","13","","18.2","","8.0","","13.1","","4.9","","0.0","","0.0","","0.0","","0.0","","","","26","","34",""
"-79.94","43.17","HAMILTON A","6153193","2023-09-14","2023","09","14","","19.4","","7.3","","13.4","","4.6","","0.0","","0.0","","0.0","","0.0","","","","","M","","M"
"-79.94","43.17","HAMILTON A","6153193","2023-09-15","2023","09","15","","20.3","","7.9","","14.1","","3.9","","0.0","","0.0","","0.0","","0.0","","","","","M","","M"
"-79.94","43.17","HAMILTON A","6153193","2023-09-16","2023","09","16","","","M","","M","","M","","M","","M","0.0","","0.0","","0.0","","","","","M","","M"
"-79.94","43.17","HAMILTON A","6153193","2023-09-17","2023","09","17","","","M","","M","","M","","M","","M","3.1","","0.0","","3.1","","","","27","","35",""
"-79.94","43.17","HAMILTON A","6153193","2023-09-18","2023","09","18","","19.7","","9.4","","14.6","","3.4","","0.0","","2.2","","0.0","","2.2","","","","35","","39",""
"-79.94","43.17","HAMILTON A","6153193","2023-09-19","2023","09","19","","19.8","","7.1","","13.5","","4.5","","0.0","","0.0","","0.0","","0.0","","","","31","","35",""
"-79.94","43.17","HAMILTON A","6153193","2023-09-20","2023","09","20","","23.3","","6.3","","14.8","","3.2","","0.0","","0.6","","0.0","","0.6","","","","","M","","M"
"-79.94","43.17","HAMILTON A","6153193","2023-09-21","2023","09","21","","23.3","","11.7","","17.5","","0.5","","0.0","","0.0","","0.0","","0.0","","","","9","","36",""
"-79.94","43.17","HAMILTON A","6153193","2023-09-22","2023","09","22","","20.3","","11.3","","15.8","","2.2","","0.0","","0.0","","0.0","","0.0","","","","3","","31",""
"-79.94","43.17","HAMILTON A","6153193","2023-09-23","2023","09","23","","19.9","","10.3","","15.1","","2.9","","0.0","","0.0","","0.0","","0.0","","","","21","","71",""
"-79.94","43.17","HAMILTON A","6153193","2023-09-24","2023","09","24","","18.4","","10.9","","14.7","","3.3","","0.0","","0.0","T","0.0","","0.0","T","","","4","","53",""
"-79.94","43.17","HAMILTON A","6153193","2023-09-25","2023","09","25","","","M","","M","","M","","M","","M","0.2","","0.0","","0.2","","","","4","","48",""
"-79.94","43.17","HAMILTON A","6153193","2023-09-26","2023","09","26","","18.6","","12.5","","15.6","","2.4","","0.0","","0.0","","0.0","","0.0","","","","4","","44",""
"-79.94","43.17","HAMILTON A","6153193","2023-09-27","2023","09","27","","19.8","","11.9","","15.9","","2.1","","0.0","","0.0","","0.0","","0.0","","","","5","","41",""
"-79.94","43.17","HAMILTON A","6153193","2023-09-28","2023","09","28","","18.6","","10.2","","14.4","","3.6","","0.0","","2.2","","0.0","","2.2","","","","3","","33",""
"-79.94","43.17","HAMILTON A","6153193","2023-09-29","2023","09","29","","20.2","","11.6","","15.9","","2.1","","0.0","","0.0","","0.0","","0.0","","","","35","","69",""
"-79.94","43.17","HAMILTON A","6153193","2023-09-30","2023","09","30","","22.4","","13.0","","17.7","","0.3","","0.0","","0.0","","0.0","","0.0","","","","","M","","M"
"-79.94","43.17","HAMILTON A","6153193","2023-10-01","2023","10","01","","25.6","","10.8","","18.2","","0.0","","0.2","","0.0","","0.0","","0.0","","","","","M","","M"
"-79.94","43.17","HAMILTON A","6153193","2023-10-02","2023","10","02","","26.8","","13.3","","20.1","","0.0","","2.1","","0.0","","0.0","","0.0","","","","","M","","M"
"-79.94","43.17","HAMILTON A","6153193","2023-10-03","2023","10","03","","28.0","","13.6","","20.8","","0.0","","2.8","","0.0","","0.0","","0.0","","","","","M","","M"
"-79.94","43.17","HAMILTON A","6153193","2023-10-04","2023","10","04","","27.8","","14.5","","21.2","","0.0","","3.2","","0.0","","0.0","","0.0","","","","13","","35",""
"-79.94","43.17","HAMILTON A","6153193","2023-10-05","2023","10","05","","23.9","","16.4","","20.2","","0.0","","2.2","","10.4","","0.0","","10.4","","","","15","","41",""
"-79.94","43.17","HAMILTON A","6153193","2023-10-06","2023","10","06","","21.5","","8.4","","15.0","","3.0","","0.0","","7.0","","0.0","","7.0","","","","21","","46",""
"-79.94","43.17","HAMILTON A","6153193","2023-10-07","2023","10","07","","13.7","","6.8","","10.3","","7.7","","0.0","","0.0","T","0.0","","0.0","T","","","24","","48",""
"-79.94","43.17","HAMILTON A","6153193","2023-10-08","2023","10","08","","10.0","","5.6","","7.8","","10.2","","0.0","","4.4","","0.0","","4.4","","","","24","","54",""
"-79.94","43.17","HAMILTON A","6153193","2023-10-09","2023","10","09","","11.6","","4.6","","8.1","","9.9","","0.0","","0.0","","0.0","","0.0","","","","25","","62",""
"-79.94","43.17","HAMILTON A","6153193","2023-10-10","2023","10","10","","12.6","","6.3","","9.5","","8.5","","0.0","","1.8","","0.0","","1.8","","","","22","","47",""
"-79.94","43.17","HAMILTON A","6153193","2023-10-11","2023","10","11","","12.9","","4.5","","8.7","","9.3","","0.0","","0.0","T","0.0","","0.0","T","","","22","","48",""
"-79.94","43.17","HAMILTON A","6153193","2023-10-12","2023","10","12","","16.2","","4.7","","10.5","","7.5","","0.0","","0.0","","0.0","","0.0","","","","15","","61",""
"-79.94","43.17","HAMILTON A","6153193","2023-10-13","2023","10","13","","13.3","","2.7","","8.0","","10.0","","0.0","","1.4","","0.0","","1.4","","","","9","","86",""
"-79.94","43.17","HAMILTON A","6153193","2023-10-14","2023","10","14","","11.4","","7.8","","9.6","","8.4","","0.0","","5.6","","0.0","","5.6","","","","34","","37",""
"-79.94","43.17","HAMILTON A","6153193","2023-10-15","2023","10","15","","10.9","","5.5","","8.2","","9.8","","0.0","","0.5","","0.0","","0.5","","","","32","","43",""
"-79.94","43.17","HAMILTON A","6153193","2023-10-16","2023","10","16","","12.7","","4.7","","8.7","","9.3","","0.0","","0.0","","0.0","","0.0","","","","1","","36",""
"-79.94","43.17","HAMILTON A","6153193","2023-10-17","2023","10","17","","12.7","","7.6","","10.2","","7.8","","0.0","","0.0","","0.0","","0.0","","","","","M","","M"
"-79.94","43.17","HAMILTON A","6153193","2023-10-18","2023","10","18","","13.6","","5.2","","9.4","","8.6","","0.0","","0.0","","0.0","","0.0","","","","19","","31",""
"-79.94","43.17","HAMILTON A","6153193","2023-10-19","2023","10","19","","16.1","","7.7","","11.9","","6.1","","0.0","","1.4","","0.0","","1.4","","","","20","","48",""
"-79.94","43.17","HAMILTON A","6153193","2023-10-20","2023","10","20","","14.2","","10.2","","12.2","","5.8","","0.0","","6.5","","0.0","","6.5","","","","17","","39",""
"-79.94","43.17","HAMILTON A","6153193","2023-10-21","2023","10","21","","11.8","","6.1","","9.0","","9.0","","0.0","","0.0","","0.0","","0.0","","","","28","","41",""
"-79.94","43.17","HAMILTON A","6153193","2023-10-22","2023","10","22","","","M","","M","","M","","M","","M","0.0","","0.0","","0.0","","","","26","","42",""
"-79.94","43.17","HAMILTON A","6153193","2023-10-23","2023","10","23","","13.2","","-1.9","","5.7","","12.3","","0.0","","0.0","","0.0","","0.0","","","","23","","32",""
"-79.94","43.17","HAMILTON A","6153193","2023-10-24","2023","10","24","","20.6","","8.0","","14.3","","3.7","","0.0","","0.0","","0.0","","0.0","","","","20","","47",""
"-79.94","43.17","HAMILTON A","6153193","2023-10-25","2023","10","25","","21.8","","13.2","","17.5","","0.5","","0.0","","5.4","","0.0","","5.4","","","","21","","42",""
"-79.94","43.17","HAMILTON A","6153193","2023-10-26","2023","10","26","","20.5","","13.7","","17.1","","0.9","","0.0","","4.4","","0.0","","4.4","","","","20","","35",""
"-79.94","43.17","HAMILTON A","6153193","2023-10-27","2023","10","27","","22.0","","16.1","","19.1","","0.0","","1.1","","1.4","","0.0","","1.4","","","","22","","47",""
"-79.94","43.17","HAMILTON A","6153193","2023-10-28","2023","10","28","","18.4","","5.2","","11.8","","6.2","","0.0","","0.0","T","0.0","","0.0","T","","","31","","47",""
"-79.94","43.17","HAMILTON A","6153193","2023-10-29","2023","10","29","","8.0","","3.7","","5.9","","12.1","","0.0","","6.3","","0.0","","6.3","","","","4","","41",""
"-79.94","43.17","HAMILTON A","6153193","2023-10-30","2023","10","30","","7.2","","0.0","","3.6","","14.4","","0.0","","5.2","","0.0","","5.2","","","","29","","45",""
"-79.94","43.17","HAMILTON A","6153193","2023-10-31","2023","10","31","","5.9","","-3.4","","1.3","","16.7","","0.0","","0.0","","0.0","T","0.0","T","","","24","","35",""
"-79.94","43.17","HAMILTON A","6153193","2023-11-01","2023","11","01","","5.8","","-3.6","","1.1","","16.9","","0.0","","0.0","","0.0","T","0.0","T","","","25","","42",""
"-79.94","43.17","HAMILTON A","6153193","2023-11-02","2023","11","02","","7.8","","-2.1","","2.9","","15.1","","0.0","","0.0","","0.0","T","0.0","T","","","20","","49",""
"-79.94","43.17","HAMILTON A","6153193","2023-11-03","2023","11","03","","13.8","","5.7","","9.8","","8.2","","0.0","","0.0","T","0.0","","0.0","T","","","24","","62",""
"-79.94","43.17","HAMILTON A","6153193","2023-11-04","2023","11","04","","11.6","","6.3","","9.0","","9.0","","0.0","","1.9","","0.0","","1.9","","","","25","","33",""
"-79.94","43.17","HAMILTON A","6153193","2023-11-05","2023","11","05","","10.4","","2.3","","6.4","","11.6","","0.0","","0.0","","0.0","","0.0","","","","","M","","M"
"-79.94","43.17","HAMILTON A","6153193","2023-11-06","2023","11","06","","14.2","","5.4","","9.8","","8.2","","0.0","","4.0","","0.0","","4.0","","","","18","","48",""
"-79.94","43.17","HAMILTON A","6153193","2023-11-07","2023","11","07","","12.9","","0.0","","6.5","","11.5","","0.0","","0.0","","0.0","","0.0","","","","28","","45",""
"-79.94","43.17","HAMILTON A","6153193","2023-11-08","2023","11","08","","2.7","","-3.5","","-0.4","","18.4","","0.0","","14.2","","0.0","","14.2","","","","6","","46",""
"-79.94","43.17","HAMILTON A","6153193","2023-11-09","2023","11","09","","9.7","","1.8","","5.8","","12.2","","0.0","","0.9","","0.0","","0.9","","","","24","","40",""
"-79.94","43.17","HAMILTON A","6153193","2023-11-10","2023","11","10","","10.9","","2.4","","6.7","","11.3","","0.0","","0.0","","0.0","","0.0","","","","26","","40",""
"-79.94","43.17","HAMILTON A","6153193","2023-11-11","2023","11","11","","5.5","","0.2","","2.9","","15.1","","0.0","","0.0","","0.0","","0.0","","","","","M","","M"
"-79.94","43.17","HAMILTON A","6153193","2023-11-12","2023","11","12","","","M","","M","","M","","M","","M","0.0","","0.0","","0.0","","","","","M","","M"
"-79.94","43.17","HAMILTON A","6153193","2023-11-13","2023","11","13","","13.0","","-1.2","","5.9","","12.1","","0.0","","0.0","","0.0","","0.0","","","","27","","57",""
"-79.94","43.17","HAMILTON A","6153193","2023-11-14","2023","11","14","","8.8","","0.6","","4.7","","13.3","","0.0","","0.0","","0.0","","0.0","","","","","M","","M"
"-79.94","43.17","HAMILTON A","6153193","2023-11-15","2023","11","15","","14.0","","-0.8","","6.6","","11.4","","0.0","","0.0","","0.0","","0.0","","","","22","","45",""
"-79.94","43.17","HAMILTON A","6153193","2023-11-16","2023","11","16","","15.0","","-0.9","","7.1","","10.9","","0.0","","0.0","","0.0","","0.0","","","","20","","36",""
"-79.94","43.17","HAMILTON A","6153193","2023-11-17","2023","11","17","","14.0","","0.0","","7.0","","11.0","","0.0","","1.4","","0.0","","1.4","","","","20","","45",""
"-79.94","43.17","HAMILTON A","6153193","2023-11-18","2023","11","18","","7.7","","-3.4","","2.2","","15.8","","0.0","","0.0","","0.0","","0.0","","","","24","","36",""
"-79.94","43.17","HAMILTON A","6153193","2023-11-19","2023","11","19","","7.5","","-4.2","","1.7","","16.3","","0.0","","0.0","","0.0","","0.0","","","","28","","38",""
"-79.94","43.17","HAMILTON A","6153193","2023-11-20","2023","11","20","","0.9","","-5.6","","-2.4","","20.4","","0.0","","0.0","","0.0","","0.0","","","","5","","41",""
"-79.94","43.17","HAMILTON A","6153193","2023-11-21","2023","11","21","","6.7","","-2.2","","2.3","","15.7","","0.0","","12.2","","0.0","","12.2","","","","4","","40",""
"-79.94","43.17","HAMILTON A","6153193","2023-11-22","2023","11","22","","7.6","","1.9","","4.8","","13.2","","0.0","","0.2","","0.0","T","0.2","","","","27","","38",""
"-79.94","43.17","HAMILTON A","6153193","2023-11-23","2023","11","23","","6.9","","-1.6","","2.7","","15.3","","0.0","","0.0","","0.0","T","0.0","T","","","24","","49",""
"-79.94","43.17","HAMILTON A","6153193","2023-11-24","2023","11","24","","2.5","","-5.7","","-1.6","","19.6","","0.0","","0.0","","0.0","T","0.0","T","","","32","","40",""
"-79.94","43.17","HAMILTON A","6153193","2023-11-25","2023","11","25","","3.2","","-5.6","","-1.2","","19.2","","0.0","","0.0","","0.0","","0.0","","","","22","","32",""
"-79.94","43.17","HAMILTON A","6153193","2023-11-26","2023","11","26","","7.7","","-4.2","","1.8","","16.2","","0.0","","8.6","","0.0","","8.6","","","","23","","46",""
"-79.94","43.17","HAMILTON A","6153193","2023-11-27","2023","11","27","","2.6","","-5.3","","-1.4","","19.4","","0.0","","0.0","","0.0","T","0.0","T","","","23","","58",""
"-79.94","43.17","HAMILTON A","6153193","2023-11-28","2023","11","28","","-1.7","","-6.3","","-4.0","","22.0","","0.0","","0.0","","1.2","","0.8","","1","E","27","","52",""
"-79.94","43.17","HAMILTON A","6153193","2023-11-29","2023","11","29","","-0.4","","-7.0","","-3.7","","21.7","","0.0","","0.0","","0.0","T","0.0","T","1","","20","","49",""
"-79.94","43.17","HAMILTON A","6153193","2023-11-30","2023","11","30","","9.0","","-3.4","","2.8","","15.2","","0.0","","0.0","","0.0","","0.0","","1","","23","","48",""
"-79.94","43.17","HAMILTON A","6153193","2023-12-01","2023","12","01","","8.5","","0.6","","4.6","","13.4","","0.0","","10.6","","0.0","","10.6","","","","6","","31",""
"-79.94","43.17","HAMILTON A","6153193","2023-12-02","2023","12","02","","2.5","","1.6","","2.1","","15.9","","0.0","","1.5","","0.0","","1.5","","","","5","","39",""
"-79.94","43.17","HAMILTON A","6153193","2023-12-03","2023","12","03","","3.2","","1.3","","2.3","","15.7","","0.0","","3.0","","0.0","","3.0","","","","5","","51",""
"-79.94","43.17","HAMILTON A","6153193","2023-12-04","2023","12","04","","3.8","","-0.5","","1.7","","16.3","","0.0","","0.0","","0.0","T","0.0","T","","","23","","36",""
"-79.94","43.17","HAMILTON A","6153193","2023-12-05","2023","12","05","","1.7","","-1.2","","0.3","","17.7","","0.0","","0.0","","0.0","T","0.0","T","","","","M","","M"
"-79.94","43.17","HAMILTON A","6153193","2023-12-06","2023","12","06","","1.6","","-2.9","","-0.7","","18.7","","0.0","","0.0","","0.0","T","0.0","T","0","T","31","","33",""
"-79.94","43.17","HAMILTON A","6153193","2023-12-07","2023","12","07","","3.9","","-1.0","","1.5","","16.5","","0.0","","0.0","","1.8","","1.4","","2","","21","","33",""
"-79.94","43.17","HAMILTON A","6153193","2023-12-08","2023","12","08","","11.2","","-0.3","","5.5","","12.5","","0.0","","0.0","","0.0","","0.0","","","","17","","31",""
"-79.94","43.17","HAMILTON A","6153193","2023-12-09","2023","12","09","","12.1","","9.0","","10.6","","7.4","","0.0","","8.4","","0.0","","8.4","","","","18","","48",""
"-79.94","43.17","HAMILTON A","6153193","2023-12-10","2023","12","10","","11.0","","1.0","","6.0","","12.0","","0.0","","0.2","","0.0","","0.2","","","","24","","40",""
"-79.94","43.17","HAMILTON A","6153193","2023-12-11","2023","12","11","","2.1","","-0.7","","0.7","","17.3","","0.0","","0.0","","0.0","T","0.0","T","","","27","","45",""
"-79.94","43.17","HAMILTON A","6153193","2023-12-12","2023","12","12","","5.7","","-1.7","","2.0","","16.0","","0.0","","0.0","","0.0","","0.0","","","","22","","63",""
"-79.94","43.17","HAMILTON A","6153193","2023-12-13","2023","12","13","","2.8","","-4.8","","-1.0","","19.0","","0.0","","0.0","","0.0","","0.0","","","","26","","50",""
"-79.94","43.17","HAMILTON A","6153193","2023-12-14","2023","12","14","","5.6","","-6.1","","-0.3","","18.3","","0.0","","0.0","","0.0","","0.0","","","","23","","48",""
"-79.94","43.17","HAMILTON A","6153193","2023-12-15","2023","12","15","","11.2","","0.4","","5.8","","12.2","","0.0","","0.0","","0.0","","0.0","","","","22","","40",""
"-79.94","43.17","HAMILTON A","6153193","2023-12-16","2023","12","16","","7.0","","0.8","","3.9","","14.1","","0.0","","0.0","","0.0","","0.0","","","","4","","37",""
"-79.94","43.17","HAMILTON A","6153193","2023-12-17","2023","12","17","","7.8","","1.9","","4.9","","13.1","","0.0","","6.6","","0.0","","6.6","","","","18","","43",""
"-79.94","43.17","HAMILTON A","6153193","2023-12-18","2023","12","18","","6.1","","-2.8","","1.7","","16.3","","0.0","","1.0","","0.2","","1.2","","0","T","33","","51",""
"-79.94","43.17","HAMILTON A","6153193","2023-12-19","2023","12","19","","0.1","","-5.4","","-2.7","","20.7","","0.0","","0.0","T","0.0","","0.0","T","0","T","32","","51",""
"-79.94","43.17","HAMILTON A","6153193","2023-12-20","2023","12","20","","3.4","","-3.6","","-0.1","","18.1","","0.0","","0.0","","0.0","T","0.0","T","0","T","","M","","M"
"-79.94","43.17","HAMILTON A","6153193","2023-12-21","2023","12","21","","","M","","M","","M","","M","","M","0.0","","0.0","T","0.0","T","0","T","6","","47",""
"-79.94","43.17","HAMILTON A","6153193","2023-12-22","2023","12","22","","1.3","","-3.8","","-1.3","","19.3","","0.0","","0.0","","0.0","T","0.0","T","","","5","","34",""
"-79.94","43.17","HAMILTON A","6153193","2023-12-23","2023","12","23","","4.0","","0.9","","2.5","","15.5","","0.0","","9.9","","0.0","T","9.9","","","","","M","","M"
"-79.94","43.17","HAMILTON A","6153193","2023-12-24","2023","12","24","","4.9","","2.6","","3.8","","14.2","","0.0","","0.0","","0.0","","0.0","","","","","M","","M"
"-79.94","43.17","HAMILTON A","6153193","2023-12-25","2023","12","25","","5.0","","3.0","","4.0","","14.0","","0.0","","0.0","","0.0","","0.0","","","","4","","33",""
"-79.94","43.17","HAMILTON A","6153193","2023-12-26","2023","12","26","","5.9","","3.1","","4.5","","13.5","","0.0","","2.2","","0.0","","2.2","","","","","M","","M"
"-79.94","43.17","HAMILTON A","6153193","2023-12-27","2023","12","27","","6.0","","5.3","","5.7","","12.3","","0.0","","20.8","","0.0","","20.8","","","","3","","45",""
"-79.94","43.17","HAMILTON A","6153193","2023-12-28","2023","12","28","","6.1","","4.8","","5.5","","12.5","","0.0","","3.0","","0.0","","3.0","","","","","M","","M"
"-79.94","43.17","HAMILTON A","6153193","2023-12-29","2023","12","29","","6.1","","1.8","","4.0","","14.0","","0.0","","1.4","","0.0","T","1.4","","","","24","","37",""
"-79.94","43.17","HAMILTON A","6153193","2023-12-30","2023","12","30","","2.2","","-1.0","","0.6","","17.4","","0.0","","0.0","","0.0","T","0.0","T","","","","M","","M"
"-79.94","43.17","HAMILTON A","6153193","2023-12-31","2023","12","31","","1.3","","-0.4","","0.5","","17.5","","0.0","","0.0","","1.8","","1.7","","1","E","6","","36",""
